Normal Distribution,Positively Skewed,Negatively Skewed
0.4967141530112327,0.18330113513507695,-0.2472682368674306
-0.13826430117118466,0.11044881728507568,-0.03741256583819583
0.6476885381006925,1.0117841147041304,-0.11431801916276622
1.5230298564080254,1.2257949395115995,-0.41379064340503086
-0.23415337472333597,0.03209574673603211,-1.6224506094256461
-0.23413695694918055,2.7521940544489087,-0.8487457425913127
1.5792128155073915,0.05337048567900803,-0.7188091009880626
0.7674347291529088,0.779350888095622,-0.3474162570366474
-0.4694743859349521,1.234640004061239,-2.684632343586216
0.5425600435859647,2.047703552454761,-0.5058630265746683
-0.46341769281246226,1.2520674728720262,-0.09112101011657558
-0.46572975357025687,1.618115872596726,-0.959893976209954
0.24196227156603412,0.4146827491464336,-0.12085594487066291
-1.913280244657798,1.6864545693479234,-0.4234607774232656
-1.7249178325130328,0.08350644975816265,-0.7080820297197461
-0.5622875292409727,2.252050318785216,-2.0732410022989165
-1.0128311203344238,0.7931716828789295,-0.680322924655953
0.3142473325952739,1.6998976096655187,-1.2115305120925102
-0.9080240755212109,0.6020609719350464,-4.93601574197811
-1.4123037013352915,1.0316390017200887,-0.14097516591598155
1.465648768921554,0.7473978139587696,-0.32121338304690167
-0.22577630048653566,1.3152378349869207,-0.5018263648364749
0.06752820468792384,0.08515489988895616,-0.547884185521464
-1.4247481862134568,0.062250031319015076,-0.5293648774062828
-0.5443827245251827,0.2838271575399164,-2.3817473827119144
0.11092258970986608,0.17381148651515005,-1.2518776161694254
-1.1509935774223028,2.0540355570023983,-0.9362516676317526
0.37569801834567196,0.24745415818055394,-0.3701549898293989
-0.600638689918805,3.7241028094340933,-1.7360809938777113
-0.2916937497932768,0.4108231243314293,-3.102438393798156
-0.6017066122293969,0.20103710397885288,-1.7214778108650661
1.8522781845089378,1.5592130975943475,-0.0015663312480417482
-0.013497224737933921,1.0750162053415186,-1.0117046850671212
-1.0577109289559004,0.6895451087234338,-0.05248914749504456
0.822544912103189,0.8104982991156207,-0.29787682322247566
-1.2208436499710222,1.2701189397289663,-0.06136989358196631
0.2088635950047554,0.2593599456867067,-0.925824668128792
-1.9596701238797756,5.6086312320477045,-1.1602427654447605
-1.3281860488984305,3.680639977890095,-0.12158886145681301
0.19686123586912352,1.0507530901325568,-0.48424679614936045
0.7384665799954104,0.22257177846889334,-0.6092408857707893
0.1713682811899705,1.1401477952753687,-0.46053344811873936
-0.11564828238824053,0.07493737183429329,-0.1289988236641173
-0.3011036955892888,0.03113211652361948,-0.5429146641838808
-1.4785219903674274,0.29797875313889655,-1.391017689728074
-0.7198442083947086,0.6210553018734389,-0.07365479050723611
-0.4606387709597875,2.0270199251908405,-0.08357729556475979
1.0571222262189157,1.298902978817889,-0.43815043873643034
0.3436182895684614,1.357537904749322,-2.842594305527841
-1.763040155362734,0.5542435794074139,-1.1043466388409175
0.324083969394795,0.4245485326894826,-1.1352865116996829
-0.38508228041631654,0.46368565054729705,-0.4492915972898056
-0.6769220003059587,4.394063891516504,-0.9005669785734461
0.6116762888408679,0.04093574204392867,-0.010182853752543086
1.030999522495951,2.017642991755739,-1.0108653099260425
0.9312801191161986,0.8643517413526625,-2.4451508595398126
-0.8392175232226385,0.5773490810346595,-0.9482290438928432
-0.3092123758512146,1.2919215674888704,-2.0690841132375435
0.33126343140356396,0.666834303599214,-1.2872567929071608
0.9755451271223592,2.066906341267767,-0.12846813702599705
-0.47917423784528995,2.3096284796203745,-2.327424115981774
-0.18565897666381712,0.5476987013540248,-0.0687541617901371
-1.1063349740060282,0.3241079070851419,-0.7634998458928469
-1.1962066240806708,0.8973471219409093,-0.1533110102075156
0.812525822394198,2.434555939523599,-0.011775672614482025
1.356240028570823,0.23656089895002455,-0.5482406856437376
-0.07201012158033385,0.9754214576995756,-0.34961521919037764
1.0035328978920242,0.9984780002255434,-0.6655329742231592
0.36163602504763415,1.3209300151268555,-0.8608557570924074
-0.6451197546051243,0.14106562970266043,-0.04472446625591256
0.36139560550841393,1.2581649091271099,-0.13125204388468148
1.5380365664659692,2.397253206289245,-0.8178998397282466
-0.03582603910995154,0.19806456078014456,-0.4203260161910579
1.5646436558140062,0.27120959168716197,-1.3062768385614583
-2.6197451040897444,3.5541770388615115,-1.0563912212517101
0.8219025043752238,0.1996430547551579,-1.8682368994973682
0.08704706823817122,1.926789767756658,-1.1792568641026975
-0.29900735046586746,0.6778209425535491,-0.5619980086040062
0.0917607765355023,0.28399696999437046,-1.117693041105615
-1.9875689146008928,2.046006001744849,-0.32210951998012927
-0.21967188783751193,0.5893373255599558,-0.3657351478809945
0.3571125715117464,0.7232298691011181,-1.5558268158503172
1.477894044741516,0.44508995917780786,-0.5913481289156753
-0.5182702182736474,0.8988213426850785,-1.6013722302693465
-0.8084936028931876,0.17855729761763137,-1.7283474342218728
-0.5017570435845365,0.49607090636347356,-1.9488508322579454
0.9154021177020741,3.487158041821144,-2.484529550993177
0.32875110965968446,0.2985858804240062,-0.5638488706998093
-0.5297602037670388,1.0692573845171027,-0.3839974241431472
0.5132674331133561,0.39332420438892707,-0.8727494298500833
0.09707754934804039,1.484891690707165,-0.46389818297258995
0.9686449905328892,0.14026677961013675,-0.9189797610752634
-0.7020530938773524,3.5006104544244,-1.222767872369461
-0.3276621465977682,0.6047509221647378,-1.1660510706740872
-0.39210815313215763,0.26925354349772024,-0.4692885042407799
-1.4635149481321186,0.07633772255593707,-0.18255382580481638
0.29612027706457605,0.18603794010459393,-0.563048013597861
0.26105527217988933,0.7334983454295815,-0.15384389498610052
0.00511345664246089,0.41098507980516663,-2.2081574405370668
-0.23458713337514692,1.7654098841221575,-0.42446057617394006
-1.4153707420504142,0.5636771906855924,-0.1677795035251999
-0.42064532276535904,0.285969236975851,-0.02577715439667666
-0.3427145165267695,0.9600989165734678,-1.0379567580206073
-0.8022772692216189,1.2268226069593449,-1.01308338299682
-0.16128571166600914,0.18277194768584681,-0.4164312671107416
0.4040508568145384,0.1834652701307607,-0.07441312977627453
1.8861859012105302,0.03736072800948274,-0.5270039481117462
0.17457781283183896,1.333330120789834,-0.3728297255282833
0.25755039072276437,1.090062525147099,-1.1304765231587015
-0.07444591576616721,0.6436541696352928,-0.9308442460058356
-1.9187712152990415,1.8589924906761501,-0.45349068655889174
-0.026513875449216878,1.6381983211693514,-0.24576314922424827
0.06023020994102644,0.8803310136359216,-4.42585030936453
2.463242112485286,2.0270106265290027,-0.6051392724652938
-0.19236096478112252,0.23047185037057355,-1.1656314385193247
0.30154734233361247,0.11869302139028458,-0.15146608209468254
-0.03471176970524331,0.31436780572810796,-0.6647340822689206
-1.168678037619532,0.05878110672996271,-0.027922962422925312
1.1428228145150205,0.7575140428339439,-0.704117369470702
0.7519330326867741,2.7583812054019665,-3.3247199885121486
0.7910319470430469,0.04013841640938223,-0.48484394479474197
-0.9093874547947389,0.13023387998311675,-0.039776720774783135
1.4027943109360992,0.6018432483019309,-0.031445044725836535
-1.4018510627922809,2.7162086538759946,-0.4910013626300815
0.5868570938002703,0.380025611056787,-0.17438307385113086
2.1904556258099785,0.7077225037713452,-0.023629077081200562
-0.9905363251306883,0.042461733001051695,-1.4114629041429105
-0.5662977296027719,0.16057165133641893,-0.6134547044538153
0.09965136508764122,4.314751084533379,-0.3414271728293356
-0.5034756541161992,3.355804307819909,-2.3034172693215433
-1.5506634310661327,0.004952222973827616,-0.12345542349786531
0.06856297480602733,3.0326407986788153,-3.1217225481409745
-1.0623037137261049,1.019209613568501,-0.37682913549052627
0.4735924306351816,2.0243345669765107,-2.192867135568108
-0.9194242342338032,0.6064922690920095,-0.9236751206847723
1.5499344050175394,0.7248360686977711,-1.752773551376384
-0.7832532923362371,0.67108549950886,-4.135989596000282
-0.3220615162056756,1.0992052370655834,-0.34024696489861167
0.8135172173696698,0.15041745420945718,-3.247673665959655
-1.2308643164339552,0.03043198091997127,-0.49344732969162186
0.22745993460412942,0.3680680880137809,-0.4869657232099602
1.307142754282428,1.2196983475408394,-0.4161021376304796
-1.6074832345612275,0.22546305443661036,-0.7795934968938802
0.1846338585323042,1.119118409331979,-0.1674073799118866
0.25988279424842353,3.5036303902292096,-0.8067896422915674
0.7818228717773104,0.09860639372178696,-0.7802417880895127
-1.236950710878082,1.1165790839045362,-1.4350721383064957
-1.3204566130842763,0.5865378397571736,-1.7936610477084534
0.5219415656168976,2.0260316221935164,-0.5806069315450655
0.29698467323318606,0.1949810990586438,-0.36001372482894667
0.25049285034587654,1.1796898763803538,-0.3002067090421373
0.3464482094969757,1.8208708615976457,-0.2164458271101219
-0.6800247215784908,2.893432387380273,-0.05937595780838081
0.23225369716100355,1.149636234984622,-0.41923139841698975
0.29307247329868125,0.6875126126115396,-0.315050106705169
-0.7143514180263678,0.9619348555509415,-3.3937467824296608
1.8657745111447566,2.0318329093679113,-0.8157868496541154
0.4738329209117875,0.8453890920690058,-0.42660249551710083
-1.1913034972026486,0.030858317733905197,-0.8686145236225726
0.6565536086338297,2.672905507299173,-0.14988925750214477
-0.9746816702273214,1.1696575360111503,-0.587065673442903
0.787084603742452,1.128597543879489,-0.9841262057820113
1.158595579007404,0.24293199801802395,-0.6711857709794751
-0.8206823183517105,1.0755369936680887,-0.513794694855752
0.9633761292443218,0.5006515648958588,-5.0910412639424605
0.4127809269364983,1.0533511356872365,-2.1228900002467967
0.82206015999449,0.11271306878269605,-0.9765874838068078
1.8967929826539474,1.0724923184658566,-0.8425231203811369
-0.2453881160028705,7.4417229097044055,-0.9693236433199542
-0.7537361643574896,0.04941299889430069,-0.22478503258578506
-0.8895144296255233,3.7798631125622286,-0.5027545216901969
-0.8158102849654383,0.5224056824545973,-0.04025916636576021
-0.0771017094141042,2.046033461015753,-0.6453976290435796
0.3411519748166439,1.5250300569342925,-0.7831256837529745
0.27669079933001905,0.8370551059265524,-0.2584466054589457
0.8271832490360238,1.3411267858526585,-3.3250379718997767
0.01300189187790702,2.1079691009583397,-2.401904017398643
1.4535340771573169,0.5177500786487027,-1.280649533523795
-0.2646568332379561,0.39605922479100647,-0.7622542630659325
2.720169166589619,1.101396317172307,-2.0399836231826205
0.6256673477650062,1.6494578429710733,-0.14001216907623093
-0.8571575564162826,1.436683368820512,-1.5630782914282348
-1.0708924980611123,1.5985654764477755,-0.13332662955202385
0.4824724152431853,0.5719624967418865,-1.5809022671741686
-0.2234627853258509,1.7028381063858633,-0.32264289979134264
0.714000494092092,0.12807096265357146,-2.096307625950449
0.47323762457354485,0.7863356283442829,-2.8831555463501637
-0.07282891265687277,0.0057753055162538544,-0.16110342521460957
-0.846793718068405,0.39242919094318784,-0.6211532794591166
-1.5148472246858646,0.45643456262918614,-3.962652213142971
-0.4465149520670211,0.5044670351886674,-0.6605007924873811
0.8563987943234723,1.1889765020311442,-1.9917788752652126
0.21409374413020396,0.4919353427114065,-0.8885090469242499
-1.245738778711988,0.5954645855639285,-0.4705316212803642
0.173180925851182,0.2712106487319779,-0.3365692190600759
0.3853173797288368,0.4672104005506762,-0.22718055290838637
-0.883857436201133,0.25782509753304883,-1.4346370292169555
0.1537251059455279,0.07601308825538722,-0.4886410428023759
0.058208718445999896,0.9249495953184562,-0.7159562656140621
-1.142970297830623,1.103261475071069,-0.6779147454089091
0.3577873603482833,0.9662437301484182,-0.8610429611735501
0.5607845263682344,0.6226776150169474,-2.006764817913147
1.083051243175277,0.4776903447798999,-3.9496907913356827
1.053802052034903,1.990212721894755,-0.5235465402486669
-1.377669367957091,0.7320580548015936,-1.7574677418973532
-0.9378250399151228,0.6523543915152494,-1.4461623965025863
0.5150352672086598,0.025976553942014473,-0.8522107958446627
0.5137859509122088,0.41740788141079765,-3.124637665197935
0.5150476863060479,0.4783513648988052,-0.22373687170445014
3.852731490654721,0.5088655141979992,-0.11570742781976451
0.570890510693167,0.8679110548652706,-1.923888190892786
1.135565640180599,0.7627171043528689,-0.5783014619474764
0.9540017634932023,0.9362513582748198,-1.8771138110325931
0.651391251305798,1.4476731287868811,-2.235769839287117
-0.3152692446403456,1.6765704014851648,-0.0644932886875834
0.7589692204932674,1.266284743831391,-2.149561588070323
-0.7728252145375718,3.1127987250042053,-0.5947853986684247
-0.23681860674000887,0.018400844582700027,-0.7142329082461057
-0.48536354782910346,0.21787991071251295,-0.9850849920853021
0.08187413938632256,0.007591618531415689,-2.6088739595647756
2.3146585666735087,1.0426329264077516,-0.019301169365585843
-1.867265192591748,2.283082010066477,-0.6478745639378233
0.6862601903745135,0.2790293442777735,-1.1638615981336584
-1.6127158711896517,2.617769166223719,-1.2826804175451045
-0.47193186578943347,0.06215990193872064,-1.179385665711108
1.088950596967366,2.724728923000118,-0.14437295559530933
0.06428001909546277,0.4332824793065384,-0.35581187130977404
-1.0777447779293061,0.10694046139193686,-0.4442821224093347
-0.7153037092599682,0.6652825488994116,-1.6318737627865214
0.6795977489346758,0.2967585630781719,-0.326783149176632
-0.7303666317171367,0.33529499259166196,-0.23661509123624855
0.21645858958197486,0.3671437871612786,-3.1570288689500083
0.045571839903813784,1.6246830199654234,-0.008902797672285237
-0.6516003476058171,0.7747071381382604,-6.128822993904087
2.1439440893253257,0.37296069575345253,-1.1295498544367533
0.6339190223180112,0.9424647609545124,-1.76299301643837
-2.025142586657607,1.2593117246481014,-0.3490177585049206
0.18645431476942764,0.31831174220804603,-0.014418729738011522
-0.661786464768388,0.5336663339591021,-1.3389128784347004
0.852433334796224,0.12997895952140054,-1.7966389364934008
-0.7925207384327007,0.19985356772213872,-1.348906603548094
-0.11473644146689901,1.1429336926261702,-0.1541426817102217
0.5049872789804571,0.20020656148364724,-1.400100923604254
0.8657551941701215,0.7447844997321,-1.4650033477280164
-1.2002964070557762,1.2345909994396855,-1.074526247331881
-0.3345012358409484,0.11303088352047043,-1.4529297256924132
-0.4749453111609562,0.8377388725681468,-1.870292674678805
-0.6533292325737119,0.29647096009248414,-0.9508928243129304
1.7654542402810969,3.294862971807926,-0.09277857239491574
0.40498171096095553,0.6607683713268071,-0.6687039837876222
-1.2608839543350452,1.6398587174353592,-0.08082979657432533
0.9178619470547761,0.7990112499936112,-0.5234770348253353
2.1221561970126332,0.044383049279866124,-0.5227404730506311
1.0324652605511468,1.0028059835743524,-0.06828938057355076
-1.5193699659540134,3.0242005201247326,-0.4289699972993807
-0.48423407286625136,0.9203284227538245,-0.11765590487807251
1.2669111491866227,1.7103022147077291,-1.6514857100754803
-0.7076694656187807,2.1559465301540333,-2.9505299850619986
0.44381942814622843,0.25887406583650024,-0.07506463373245577
0.7746340534293368,0.23831409418015576,-3.1036562340686857
-0.926930471578083,0.9441270647095303,-0.7393515493887611
-0.05952535606180008,0.5293774323335773,-0.35605467627860204
-3.2412673400690726,1.8317149821689238,-0.07997662473957208
-1.0243876413342898,2.302816353712856,-0.6943964967713936
-0.2525681513931603,0.4360604784235147,-1.5823848901976179
-1.2477831819648495,0.27032761460844307,-1.2278778577836498
1.6324113039316352,1.5165192957924487,-0.05153122949604646
-1.4301413779606327,0.32131612273416577,-0.07569582405825248
-0.44004448669698376,1.729428925519035,-0.5156259312160877
0.13074057728609134,0.5511933007554102,-0.349969609380049
1.4412732890661155,1.1012655032053702,-0.2644660917325595
-1.4358621511794394,0.1004120172911258,-0.3299001784555116
1.1631637521549596,0.9777920690653742,-1.627005031156716
0.010233061019587049,0.601056137962785,-2.648292594543428
-0.9815086510479509,0.8833601040666048,-0.5193664841775336
0.46210347426327075,0.18393991492315792,-2.3656420682428903
0.19905969557347003,1.3351213047485326,-0.38786446405724956
-0.6002168771587947,1.9862942632118776,-0.6470978859895242
0.06980208499001891,0.24429032668853937,-0.2562208709727886
-0.3853135968617602,0.10061021126280097,-1.0229744619715446
0.11351734525124804,0.02392245993157399,-3.8623339679763222
0.6621306745210467,1.0271426880495873,-0.925061825810096
1.586016816145352,0.934184973323918,-0.44287742860668416
-1.237815498826849,0.7911954133835657,-1.0436056184754838
2.1330333746562666,0.26389666294128883,-0.13115784425231067
-1.9520877995225019,0.4957826650652052,-2.1951584356663063
-0.15178509503558332,0.902576047539322,-0.6993341822032346
0.5883172064845765,0.6867017149919159,-0.5966554119061018
0.28099186773503265,4.405133163381326,-0.8815627605399604
-0.6226995198205938,0.14669161261532732,-0.980253053151827
-0.20812225035727522,1.1879175624204636,-0.07448198725566497
-0.4930009346588328,0.5180496008103994,-1.14764672952438
-0.5893647569442115,0.5589653256517157,-0.27698176589151047
0.8496020970210246,1.264422861419053,-1.2515978612695335
0.35701548596504734,1.1790725753198146,-1.728980713981719
-0.6929095952606542,4.73938680786437,-1.6294289459954794
0.8995998754332507,0.1374181241365831,-0.8040809030749025
0.30729952087660933,0.10993725004065541,-0.7343231800466302
0.8128621188389601,1.2885827656735422,-0.1541726349642509
0.6296288419236122,0.8636672504679804,-1.4931945076374282
-0.8289950109220723,0.32042659245002614,-0.3166432691086065
-0.5601810401969696,0.08275068734779747,-0.6865597708997226
0.7472936051232618,0.08955087106390794,-0.3344579966637421
0.6103702654334648,2.246118512465589,-0.14367219490729619
-0.020901593964148132,0.21302903185996402,-0.9930575734759224
0.117327383308782,0.3906329929475808,-0.05586375972591637
1.277664895788425,0.2570318300956333,-1.3808899279180804
-0.5915713888358299,0.43849923481042075,-0.38211993255389654
0.5470973811700379,0.07195136073162983,-0.0001347020764026737
-0.20219265243389406,0.7320123220255348,-0.7156569128044452
-0.2176812032272203,0.07000684637744137,-0.04798499236125218
1.09877685198719,1.611222042159252,-0.3231981099097797
0.8254163489880298,0.266197307684206,-1.2275024255933231
0.8135096360006385,0.7765546911485947,-0.06474080465882678
1.305478807154329,2.120922816489742,-1.8284555642147864
0.02100384163275905,1.052332040410264,-0.003827237196396057
0.6819529712949639,0.7613356325747317,-0.2834561730914955
-0.31026675659345604,0.39205604248414605,-1.3505568463111042
0.3241663524884421,0.4049681012238468,-0.3801923951197497
-0.13014305436768459,1.1071091505697361,-0.10746538274379351
0.09699596499271819,5.1394966747073045,-0.446652667564808
0.5951570254369136,1.0842337269652311,-0.31524963848875603
-0.8182206832334725,0.8159555109679812,-1.8496761371370292
2.0923872756854602,1.3117455241928113,-0.37592754529383976
-1.006017381499702,0.6258729279824089,-1.5555771577313506
-1.2141886127877322,0.06202684348321755,-2.2244409077040284
1.1581108735000678,0.826214260143961,-0.5688386725432963
0.7916626939629359,3.161203427295335,-2.4073140731611966
0.6241198170521551,0.19273916294070353,-0.47371941055951605
0.6283455092642799,1.171198758468258,-3.326416952168716
-0.012246772846914623,0.22431134374225795,-0.09353024181236151
-0.8972543714858315,0.7674994260264465,-1.1616136446599883
0.07580455819372633,0.10167448370236089,-0.6808511682311532
-0.6771617115121117,0.5985116578458807,-0.4904493137625131
0.9751197334177512,1.4112566585424566,-1.0016086674053277
-0.14705738150213865,0.42705376148545415,-1.2169131426351243
-0.8254971967925115,1.0933612728760884,-0.0043728164917464125
-0.32138584165299344,1.5869426429163502,-0.182665322371209
0.41293145427562433,2.619734692704209,-1.2484335312686663
-0.5637245528039747,0.2674116877155556,-1.0977688851674723
-0.8222203955664315,0.5096861329145348,-3.3827929410405413
0.2436872114919123,0.1653653453224028,-1.4314498577567405
0.24496657110872277,4.890654962048055,-3.011307088376879
-0.5069431753711298,2.6173090971585724,-1.2124772028770874
-0.4710383056183228,0.7764355987991227,-0.35389624900326483
0.2320499373576363,1.8453709920619716,-0.1113393782120359
-1.4480843414973241,0.7359669552982863,-1.5224525761144807
-1.4074637743765552,0.9770648486217308,-1.033243797452025
-0.718444221252436,0.0933489795430218,-0.04938565445154199
-0.21344715171184725,1.4076014351557389,-0.4463659587077571
0.3109075655980046,0.13663733522890711,-3.1419105125441145
1.475356216949552,1.7490887349353392,-0.6939497939883504
0.8576596232020194,1.5233890670186652,-0.566918375072549
-0.1599385299634271,1.233555069093609,-0.6119351970499989
-0.01901620790268883,0.03683036805155312,-0.2343090592525958
-1.0025293646378088,0.36115404005155016,-0.45998545255917017
-0.01851313599238993,0.3053201391791275,-0.4617390844520374
-0.2886586389201383,0.446500262019517,-0.05377534073609781
0.3227185603380895,0.09172364057237763,-1.4591559716130498
-0.827230943552323,2.763951300892074,-0.5387184226637698
0.5193465142411723,0.8069930187631815,-1.726982839782898
1.5327389130025777,0.36459812194760216,-1.8994426877388573
-0.1087601484568576,0.5058074311065991,-0.23824964435406248
0.40171172209894146,0.5927636022426302,-1.0710559234713095
0.6901439917111125,0.917777670220792,-0.6391928577607432
-0.40122047188583626,0.7250082520454396,-2.12157053930236
0.22409248181041677,2.5181570465176466,-0.24301554696629724
0.01259240078179486,0.6870925129207895,-1.1326237783834447
0.09767609854883172,4.848263265360235,-0.9358612978430901
-0.7730097838554665,1.9066651133282804,-0.349985195390159
0.024510174258942714,0.23383868383943188,-0.14687824248068754
0.49799829124544975,2.667799460588854,-1.0545181635854284
1.4511436077950417,0.12371277950994294,-1.341693753785471
0.9592708260852069,1.7007295740107258,-0.37925269066017675
2.1531824575115563,0.47904161866709716,-1.0351660626804982
-0.7673475628880495,2.103523768243236,-0.5027432205813674
0.8723206367206782,2.0253829191556267,-1.2489941708327505
0.18334200573835174,1.6395126583574475,-0.222163125706071
2.1898029332176723,1.560792693564261,-2.2092313952729916
-0.8082982853551515,0.36338186959178675,-0.33884849273461876
-0.8397218421807761,0.08438132920074946,-0.45852731518833895
-0.5993926454440222,0.5158049647422996,-0.05984762284370609
-2.123895724309807,0.19058502336665756,-0.11823437635671136
-0.525755021680761,1.187283150977474,-0.7253850879884061
-0.759132661553698,0.4248004262131064,-0.3114184672257246
0.15039378647620763,3.713590302127083,-1.8047245077470062
0.34175597577715944,1.0243551145361243,-0.014802405694441707
1.8761708392158862,1.7286751754099376,-0.47657565565470716
0.9504238381860503,0.14216820876655945,-0.411501611341643
-0.5769036556624031,1.980606543336451,-0.019516851669877114
-0.898414671348358,2.560801448616133,-0.1328098233045887
0.4919191715065057,0.6676001405482493,-0.5338259054757455
-1.3202332070206422,0.9320465498249906,-0.678977219233992
1.8314587658543537,1.4473607343318378,-0.5180008832397219
1.179440120721287,0.19217630845457928,-0.7570196375133226
-0.4691756521047048,0.6982925482163945,-0.9041933879635168
-1.7131345290908775,0.5085998156695678,-0.009973390458152718
1.3538723741654128,0.15826211104526103,-0.6237986699666189
-0.11453984525261789,0.4581294824567315,-3.310422221009638
1.2378163119734618,0.07060736270411021,-0.7319551215848256
-1.594427658794367,0.026150879968812647,-1.1317832132238965
-0.5993750229537729,0.1452180323285636,-0.37376857968988036
0.005243699718183166,3.2999533399771077,-1.4871821306709976
0.046980593764742055,0.7974627665581229,-1.48245942648968
-0.45006547147924364,3.3761778318841063,-0.7366729262027566
0.6228499323474987,0.5665107910082499,-3.7302775845358447
-1.0676204293825944,0.37369922833070407,-0.1341604072843749
-0.1423794850212935,0.7055069747772997,-0.0170929200584672
0.12029563171189886,0.5789468906265484,-1.4703640839597827
0.514438834058749,0.11167450059839193,-1.6458713080659462
0.7116148780888898,1.0239492043974927,-0.12806888687847065
-1.1246420918378692,0.24339496199833066,-0.30867806434803485
-1.5341141707356223,0.9665002845057638,-0.017708232706465002
1.277676821898509,1.0503968393246197,-0.3471612158516566
0.33231401197959165,0.16490395155444643,-1.483430452128112
-0.7484865365565536,0.06331220895053138,-0.72972927557207
1.551151975522523,1.5175954932239302,-0.4278573430933416
0.11567463429285867,0.6158166220913863,-0.4648000631593654
1.1792971840638264,0.059923900103815854,-0.0013545426943478147
0.06751848141010895,5.271931976736665,-0.35639002391120705
2.060747924881987,0.05951708142442368,-1.0397550865605174
1.7553408424432044,1.1875590135001513,-3.6571654542851797
-0.2489641484790735,4.115298077656953,-1.8777149986246913
0.9715709509543554,0.273358616957147,-0.0238777834155165
0.6453759495851475,0.15344186123358494,-2.288293749222259
1.3686315575323487,0.12940840602400935,-1.5287726907101524
-0.9649234605801045,0.3613647059411098,-1.5158388483489995
0.6860514599984393,0.10652320355156149,-0.612481452856446
1.0584244868495878,1.1781794699281833,-0.5075066259951957
-1.7587394864231143,0.06431646379952709,-0.36084896998231303
-1.183258512665775,0.7121712524346369,-0.06795219063427087
-2.0392321777601006,5.712879886799935,-0.2590756504330275
-0.26940683444455776,1.6818487766767154,-0.2831638085009333
0.7175422557959623,0.9550820766198737,-0.661797884559367
1.502357052096028,0.36564883308698526,-1.3761238826067157
0.07409478041977519,0.9778891428190236,-0.6420925886156549
1.6286155455712918,0.7487475558795342,-0.05958489006248408
-1.3801014582148914,0.5552711613166957,-3.1650934043967567
-1.7033824393551547,0.14007892586034512,-2.8598791623520436
-0.05554769889661878,2.1768710598120475,-1.5379992357279177
0.3840654489393073,0.5974455297927822,-4.747644483359943
-0.03269474809409311,0.21644418206141358,-0.7863207766462897
-2.0674421000398766,0.45848518338293526,-3.2905960797829
-0.08912003951278841,0.534656934620134,-0.07861585344916983
-1.3044695005048532,1.7575777510905333,-0.45520289964627686
0.6696725488300385,1.3228103228592782,-0.25538432939859107
0.36659824609684827,1.4666583261701918,-0.2179484245523082
-0.9398797863273552,0.011092560021533863,-0.151756987371085
-0.5138669173366935,0.5381180264409754,-0.9739559723919811
-1.0592135218889516,0.6565147210381607,-1.5201542911231598
-0.06267909727317188,0.0193788394664463,-0.8634573226958268
0.9551423205012383,0.3008527040218263,-0.15895201566782516
-0.9857260463355437,1.428324681714378,-1.6666633458146543
0.5040465155178444,0.14746771733388928,-1.010476988217397
-0.5302576183724408,0.7663850452648582,-0.49129379477778085
-0.7928728322623442,0.24232875607689378,-1.121257657067068
-0.10703035995455783,0.01219483024877762,-0.3009766945987171
-1.035242322419374,0.27601896185029934,-0.42341353449396285
-0.553649305347182,3.724455023142878,-2.4947854019627047
-1.1978778925888485,1.6171531579615472,-0.343201132890464
1.9647251329163893,3.2083475501912333,-0.6348561371298942
0.03526355197172861,0.669145624111168,-2.2085588042617506
-0.6997255079925856,0.1162374541951925,-1.2300476518437322
0.213979910734222,0.7939834770016945,-0.06422201247407275
-0.11232804969082982,0.6058276310869285,-0.15935106340465577
-0.22096959953322298,1.8601908873998092,-0.007872497723973615
0.6141667000434252,0.10323231608662382,-0.9967467068014915
0.7575077100473051,0.6699017356298462,-0.5936157870102338
-0.5305011476105275,0.16257618371792446,-0.1441878005901035
-0.57581824064468,0.39256259501370444,-3.168518343315222
-0.275051697151644,1.3369598780247909,-0.7542988546284627
-2.301921164735585,0.6462981932916178,-0.27693113030920474
-1.5151910621985523,0.4714258964215926,-0.6943550520525156
1.3668742674445247,0.5016615401585782,-1.1382485262732562
1.6449677135012837,0.6151621609169232,-0.07930213477005081
-0.24903603955637832,1.537194201894464,-0.32117517658509287
0.5765569630557664,2.2264085163237466,-1.644886302350852
0.3112501545435361,3.1085580630222998,-0.6155657215573472
3.0788808084552377,1.5460096304556976,-0.7909301276058035
1.1195749114345768,0.3789306256040513,-0.5670715168023113
-0.12791759148076653,1.1651839346810204,-0.04489270890015703
-0.9555404406004258,0.5755474933648939,-0.18122189742519365
-1.6064463202575725,0.2939290402489777,-0.5897635674222761
0.2034636358672231,1.8380437261905784,-0.234691808249024
-0.7563507452843033,0.039184116743756055,-0.051271219536126844
-1.4222537095976742,2.320362093040372,-1.8556560463874308
-0.6465728842425266,0.6189259348392796,-3.9735011031952396
-1.081548003614395,1.0139076313345574,-1.5757269365677424
1.6871416350725648,1.0769112357162622,-1.9226766022694781
0.8816397569494505,2.2549168980590206,-0.27704172270921135
-0.007972641316617372,1.0124428920042712,-3.234674354858788
1.4799441388900259,0.951745864110872,-0.21930804684137822
0.0773683076476183,0.0689772007819054,-3.0247453182020516
-0.8612842013282637,0.7306580419892181,-5.262813931989295
1.5231240772696573,0.1627177737566215,-1.243832781684682
0.5389100436846587,1.337251919142745,-3.970909889426446
-1.0372461543264564,0.7178947323254283,-0.8429003625594063
-0.1903386780836082,1.1401463466715083,-0.3004860724923195
-0.8756182533847572,0.04256611941635435,-0.5744683429928096
-1.382799730964336,0.08860393466847853,-0.9003212637616178
0.9261775475316414,1.2599203799829266,-0.07588970221384388
1.9094166404701305,0.07481442963462634,-0.973769603394951
-1.3985675738191412,0.07392292686901208,-3.9727202078753883
0.5629692366905709,0.012182380009795971,-0.2108539411153337
-0.6506425691218269,3.135026486219789,-1.573082436156245
-0.48712538376469605,1.3375360430156609,-2.3848672389512573
-0.5923939242388692,0.4357976357336992,-2.877089035892496
-0.863990769679816,0.3517379812300988,-3.2222716944481986
0.04852162794482699,0.4303264506668801,-0.7370147220569544
-0.8309501164110378,1.4901161997316503,-3.785738784859356
0.2704568257798388,1.0828490176285033,-1.4159712237241735
-0.05023810944913695,0.20480715510999964,-0.17634517448085626
-0.23894804686640975,0.1912928814550219,-0.6479828321383203
-0.9075636620415979,0.10357949119433948,-1.2670232789212519
-0.5767713305683327,1.0797004100335128,-0.2841420999797959
0.755391225825756,1.4455037992237159,-1.0233615524613529
0.5009171876243808,0.3079479495535903,-1.0984137455189629
-0.977555244798551,0.021167418451615128,-0.1775725437985096
0.09933230542922587,0.0857449074569361,-0.8326053877086579
0.751387123371789,3.437655002837343,-1.476774632041396
-1.6694052811213718,0.35018856530362535,-0.690940945159936
0.543360192379935,1.4663040433040202,-0.012176955887700333
-0.6626237589458467,0.979932505488038,-0.009079563850904285
0.5705986685931593,0.4811691558293258,-0.44165619182010674
-0.7632591565425169,0.23027801895590352,-2.6063161770524017
-1.804882100664519,0.12941008905710116,-0.25964777096391695
-1.6275424378831627,0.9545456284794805,-1.00611612505522
0.048084946661381994,1.4900285583409176,-0.2511262797305097
0.25972250172148187,1.032555633563709,-0.3881213685465557
-0.9043166251044086,0.7556656276864724,-1.8841517017541254
0.6385924587773739,0.04285658730910904,-1.3051253056263972
-1.6615200622689599,3.457411529753554,-0.10026162303666898
-0.06607979864731657,1.60302944884436,-0.5598443507801786
-1.2110161997624567,0.3464729286376472,-0.029603659802252137
-0.6518361078021592,3.910540572717218,-0.6556397546358057
0.047398671316414016,0.92100580446948,-1.0859942668955456
-0.8604133652839524,0.8732855020448503,-0.12613325343695841
-0.38455554422982535,1.3786166282050145,-0.34092103232703447
1.0062928092144405,1.6700895338438768,-0.5072264842828503
-0.5768918695231487,1.0685058907480496,-2.51988356829711
0.8356921120651418,0.13707566198038496,-4.998956075902351
-1.129706854657618,0.41289389231550827,-0.04595106218168274
0.5298041779152828,2.6322515064242062,-1.4313248803005745
1.4415686206579004,0.25439638787094393,-0.46477582430548897
-2.4716445001272893,0.46548110941267967,-0.4983342768841731
-0.7968952554704768,0.565769226718731,-1.4035014509953418
0.57707212718054,0.578756540923333,-2.5062499928371724
-0.2030453860429927,0.9491744805522319,-3.014478786587206
0.37114587337130883,2.8660353837801957,-0.8606729434454637
-0.6039851867158206,0.27534872427418644,-0.441799000649414
0.08658978747289992,0.12954093800495234,-1.5490443095770987
-0.15567723539207948,0.21998665189386477,-0.2890181422787728
1.1677820616598074,2.179703081100552,-0.8302828409517735
0.2544208433012131,1.0379240810762278,-0.4440684118766536
0.3376026620752022,0.3367417778790184,-1.0689498229877938
-0.4118769661224674,1.6925311877747204,-0.27496186888850965
-0.48760622407249354,1.9759467391996954,-0.2126895672844426
-0.4325581878196209,1.8741481279810754,-2.503955981789687
0.39445214237829684,2.512399543274232,-0.10736661870379179
-0.42098448082026296,0.2906745724146154,-0.7051345584098176
0.2897748568964129,1.4066682208230554,-0.24955526889052512
2.075400798645439,0.6171857078521142,-0.03970799371386665
0.8711247034316923,1.8451510870734518,-0.0366835056113271
-0.32602353216784113,1.3037588019347568,-0.19264074345832685
1.2012139221639448,1.4981087538655928,-2.0156809818707226
-0.4080753730215514,1.0675841906842092,-0.33195270666804944
-2.038124535177854,0.19532019762394587,-3.0049581125357596
-1.008086310917404,0.7875170241922046,-0.8713706491738638
-1.8707919210258557,4.177926595016945,-0.5737906098150877
-0.35151348404130867,2.7707993880074326,-0.8677121011941032
0.0184183791895517,0.04413344611758607,-0.7271143589950866
1.6764373122752827,0.18010180115075491,-1.4220303685493483
0.32692737376416264,0.14125114015268525,-0.33197684839872643
-0.21910052880886424,1.294553854060387,-0.4354868725226266
0.8294055811834892,1.7025697806958462,-2.2452062273805207
-2.211135309007885,0.24017700835005287,-2.9272611169441505
0.23561455810856594,0.704921613839529,-2.230806229197307
0.7708651938869668,1.8369850704778037,-0.543775893497494
-1.4785862457798415,1.3197636186471764,-1.5157904915515272
1.143754043206929,0.781404144953795,-0.6469045124116817
0.3384964074944141,0.8924465045700323,-0.6882389499473696
-0.4152879139008013,0.710009650068406,-0.2290108667160451
0.6327818661062848,0.3531788500016205,-0.8943587635739941
2.270692857804396,0.8324598074681555,-0.20596187747433078
0.18186625505849516,1.1675936310968125,-0.40281566957291837
0.24822058630033608,2.0661140751074525,-1.931229845290355
-0.4593608995402441,1.0114021548748544,-0.23202765991310306
-0.8498443694647918,1.4318003795855259,-0.07381693700302627
0.8303358165442456,0.1744386704891238,-0.07150415706895463
-0.8560838259088672,0.619074518666376,-2.826572293283546
0.07156623721939247,0.009375432164456157,-0.7070847345157996
-0.4776574467651167,0.2832636673578669,-0.5266367498016638
0.47897982574639186,1.2963136856112858,-1.665366041661833
0.3336621052869483,4.804835440886139,-1.8068279988809697
1.0375399442578992,0.10444770971109277,-0.4037531240628876
-0.510016398854747,0.5133192567214193,-1.1829227771663489
-0.26987493529337125,1.6097928189017483,-1.474569733059262
-0.9787637157823074,0.22820086126156375,-1.0631988723472205
-0.4442932600761116,0.8098719123476157,-0.1643972510280493
0.3773004930448522,1.3207736825681355,-2.086531282741948
0.7569886166453519,0.9570748371647657,-0.7745623605709238
-0.9221653241776254,0.20828540063345005,-0.3319439019404437
0.8696059201056602,0.4391013705229907,-0.5537821611877681
1.355637858804951,1.5315133748939875,-0.038295075702702276
0.41343490322370086,0.8079443351961765,-0.136813115846664
1.876795812558066,0.005243335834244976,-1.4504990735121404
-0.773789199103573,1.4312530668276238,-1.1634823050432323e-05
-1.244654703311417,0.035949877311554204,-0.538823650213271
-1.7787202489042786,1.369373461353044,-0.7392124409338731
1.496044311489183,0.22624906865187216,-0.056183569156496915
0.6543656563540577,3.171836719559786,-3.6148175362787756
-0.05558467091045507,0.45877214128960336,-0.2563453451831128
0.2799686263198203,0.39590834430335636,-0.3626911761341702
-1.1254890472983765,0.1612116083351189,-0.3623230247239586
2.4457519796168263,0.36471318634885724,-0.26190603022539466
0.1292211819752275,2.092735612176639,-0.001474909230385058
0.10939479460489289,5.608746230709056,-1.3069095710746874
0.725766623898692,0.4593557682687801,-3.406576818902749
0.4810092317367132,0.5953140605103695,-0.253981030444211
0.22388402427913137,1.2803893712449097,-1.0878123934605872
-0.7904744554453119,2.173275679463014,-1.354393941280624
0.4714683571359957,0.8990510286786167,-1.8866772280370347
1.8820244964750337,0.49680059945593147,-0.5492705793872256
1.3454200461549777,0.5320864431503373,-0.3608707420593492
1.593186626639397,1.1894722687558443,-0.3934799193146354
-0.5112156764311852,0.003223453352234625,-1.2469545359924232
-0.9896048202585809,0.9665039188925852,-1.697064750630053
-0.12578692009964815,0.43926961172974954,-0.20042113164163983
0.055724912288694604,1.5808374881107958,-0.4635302399667804
1.0941915184709485,0.09760250898985603,-2.322177749177033
-1.6924646297148194,0.8872229893778367,-1.6434783687293708
1.5295503194606137,0.6557991618936114,-4.190309538682376
-0.15800789857898942,1.0281319964746447,-1.4034334383200409
-0.42688106994742003,0.06705217851068186,-0.4995481228836644
-1.0121043752601675,0.8674619670881443,-0.893155023299958
-1.6548566718657693,0.8243603206028806,-1.0817972204129243
0.8231705839619146,0.822481893100684,-0.08170455545483112
0.07331796718840389,0.9250481327074117,-0.7863528863524105
-1.2899608997410539,1.128457057823754,-1.2355351233568277
-1.295078772063616,1.6346993101159928,-0.18310743031294469
-0.3357846992901282,0.3144651861262493,-1.5170033059741117
1.669021525289393,1.743251688811231,-0.8765239671469428
-0.2595913513636048,0.6896646162596095,-3.041185511110514
-1.5031429531181062,0.08018918746336913,-0.0433484105221125
-0.24574306408594432,0.060335026075057606,-0.308328602809438
-0.2727235697476705,0.4068235083602549,-0.9201829951622438
-2.6968866429415717,1.5366381893970082,-0.3517725691046352
-0.05429486651781221,1.2299093840207842,-1.253247660188759
-0.23093453020867796,1.5540739964735977,-1.4229802649098477
0.6962063648134184,0.7282958332151881,-0.10815994603859408
1.8489560949453452,0.5801739118979032,-0.7212472435450759
1.1265650295477574,0.15952638422688284,-0.7110882749898155
-0.26888869055483056,0.3977838153323653,-0.46089447618725676
-1.1065259087416703,0.5691954172192332,-2.7019418337671754
2.5733598032498604,0.09277387160256173,-1.7573946801280818
0.05921843401448826,0.249246221980613,-1.1947137417483797
0.013929291912946203,0.9118637804587609,-1.2529062038255496
-0.024125087110003277,1.3305309069097009,-0.6193692442292759
0.19808476076785494,6.405472880634143,-2.5382380757120377
-0.14436041192394247,2.7047556044043155,-1.186117913334209
-0.5736620068802363,1.0288023098028725,-1.3055665773552831
-0.5468589412403921,0.5468813099485977,-1.9782642708715719
-0.03275327021599839,1.0110887957798544,-0.3203038769287745
-0.543424771133765,1.5401526347430927,-1.645432535124599
-0.7128457826771644,0.12594446448603402,-0.21721193189903326
0.10643022769189683,0.5274715511697289,-0.4236422441660145
-0.2549772174208553,1.8313465118380305,-0.40888663627022787
1.5039929885826886,0.4842371702849132,-3.8408876222526156
-2.650969808393012,0.8483336962100451,-1.9416796763724424
1.0915068519224618,0.886172282531739,-1.207879965984888
1.246085192497629,0.20392473795035093,-1.2984914234202143
-2.0733902324081495,0.4497860945489304,-0.825702579684131
-0.34268759408034877,0.40723360408863496,-2.9391755305092016
-0.37144086599579146,0.02654595521466961,-0.6856925413210558
-1.4075116947178212,0.024489191270530317,-0.47887116568217086
-0.7778166875908753,1.7819896121391394,-0.17797342794015172
-1.1105758454658288,0.31892620643003505,-1.5427407178831198
1.7522704434236227,0.7299745937185206,-1.3259292819722024
0.9356783931474612,0.35485599007989305,-0.48508484284908426
1.2715550949941588,2.824796036158523,-0.025516200954391076
0.7216720640432351,0.3001552182005943,-1.8263343161106416
-1.1290517712172292,0.5615170164185904,-0.011483669104263555
-0.5245202662797737,2.061446433115593,-1.216382080660238
0.48937456122791806,1.8447398709821283,-3.515165157939812
-1.2221278088919454,0.20591951269056197,-0.5756509916369589
0.7129984301723881,1.6227425772487938,-0.2678446810487069
-0.24032539815813503,0.6128341464824549,-1.2203427641197981
-0.3748208075495975,0.6596521975537926,-1.6989696010093254
0.7109599682034915,0.14327005689790265,-0.7906063631889005
0.44426331148603976,0.08403564207332337,-3.412317236403083
-0.3609661658190799,1.301730101451439,-0.05305138804256164
1.159329803364248,0.68609441459685,-0.7027846689285737
-1.0810633275998973,0.5742105041411313,-1.267459247349778
0.6159356069442637,1.307513601315038,-1.985153492430679
0.5931012579683838,1.4503546989673852,-0.1975435601599549
-0.3095464393139903,0.17305443076039947,-1.6094553214040426
0.326133022242118,0.942186012916847,-0.8045415873998298
-1.251113576385303,0.14543519952787473,-0.5050981935027793
0.924027019206901,1.3918098878273495,-0.14123531011449272
-0.18490213644298903,1.069894100615944,-2.004673710604255
-0.5227230205190395,3.1376327859603244,-0.171112463876311
1.0490092258368893,0.07145090750853228,-0.37075627822243246
-0.7043436905427592,0.05874702682483746,-0.3425544405277208
-1.4084612963635597,0.33154629359486404,-2.05115760370031
-1.5566291735239037,0.3034127313563832,-1.1168872457261294
0.6060099513456396,0.28366189629572724,-1.5929810583106407
-1.280429352496283,2.3671724742163094,-0.28830613219322626
1.7547941819843647,0.28707718856360664,-0.9804935749765662
-2.081929407883722,0.3173851756541948,-0.8480387621225359
1.6964563682900382,1.424612253597161,-1.7887462741929174
0.2110174672026184,0.597364098865057,-2.3653871012100742
-0.09671311187039239,1.4992863982584597,-0.012231269408971249
-0.5449190868089497,0.06760043876192516,-1.120919000889536
0.39913611435207086,0.6685934921037368,-0.05322758404622274
-0.037634702424848364,0.03419152493794983,-0.7959746073698896
1.1033018820165215,0.06470195151063192,-0.339161670569886
0.11422764866203965,2.369125118145484,-0.36640296452946186
0.1503017614618776,0.14994579904644503,-0.43534484967911713
-0.36361221221385587,0.7601862810622099,-0.9709910051382612
-0.056945623721067457,0.5294914219185614,-0.406540634782834
0.3078017688920592,0.42670405559453656,-1.3193801039927686
-1.7101683926566256,2.300919937008827,-0.5183998787738292
-1.348185422105713,0.022065049355001528,-0.07080150641358879
0.743264094022715,1.0900183808326895,-1.5313656485833336
0.17086543812794186,3.307554979468367,-0.3365338929517138
-0.18398333635267913,0.821362860280852,-0.5669849126609429
0.01843393306539316,2.761806452919119,-1.1565927870318258
0.34758170536167105,0.05367283829582405,-0.4041502086904978
-0.5397596803093615,0.5426488522972961,-0.05824970382389809
-0.7783047254023127,0.30131834655068873,-0.46827879285214735
0.19584525509768155,1.3123785630731404,-2.8904462491680323
-0.978372777615032,3.9790761788416824,-1.026480660671112
0.40825275571447184,0.2964269475836514,-1.1131549686950415
-1.7025836042378404,1.0618212598300316,-1.0004393567361385
1.0291556373256436,0.22076841513427964,-0.2218845179287726
0.472597482413043,0.8331687421479583,-0.5418586455108922
0.25602973431387566,0.6234951681723219,-1.390060638098674
0.9826909839455139,3.5757411309081153,-0.10688712205436364
1.6654744444625766,0.9378394280377333,-0.325526249643295
1.0143700650181304,0.4300237767529106,-0.323404741308102
-1.8408742313316453,0.12114644357562017,-0.5656671840459809
-1.2795769667357015,0.16398686372143628,-3.930632133279656
-0.6248185776956788,0.2553012751408823,-0.06988885849612299
0.026091050210833786,0.2889717855613698,-0.7312665687059473
0.517659020469123,1.9012354942631104,-0.1976764606755113
-0.7257438131534656,0.8237634851167945,-3.5293675852257738
0.18676676447707832,0.7410586447854435,-0.12025252515554251
-0.7553829323533225,0.1219065063412979,-0.5168453767797387
-0.6115178029919482,1.9671111641550874,-1.3389718823677081
-1.4066610968482223,1.2830676118738606,-1.219270648703156
-0.9232332461109043,0.07006669271951631,-0.5494428230199097
-1.3516846056163336,1.2304369006024543,-0.4254497289318204
-0.9758732529773327,0.7842503006173839,-0.5068541514341259
1.0536417966078395,0.08525874546966827,-0.30690058827003935
-0.949398888831943,0.6130441206067024,-0.2298320428713375
2.632382064837391,0.662998818414935,-0.6597891918683801
0.4933179008808892,0.18125157762181646,-0.3127042059539351
0.1848361236948739,2.913196927399496,-0.3389215646337138
-0.8583577801812136,1.896955808234685,-1.069313899383184
0.7003098794089914,1.105704390260218,-3.4589535693063156
-0.5756378262377739,0.6204462396688857,-0.9254253269426673
0.12200981464536144,0.5306296717568441,-0.08010379885994509
2.5600845382687947,1.0526073343140585,-0.07859267448855108
-0.09605989972464987,0.7884074743037924,-3.02460965743243
1.1492733262856758,0.06429653002712656,-0.35281211471835944
-0.7031764251258874,0.7184704219340354,-0.09658467632080676
-0.0349884904969617,1.6419797883681324,-0.9139050477588241
1.77080063563551,0.6147794951322301,-0.9772324713005839
-0.6269670577877674,0.05335497350844933,-1.0455592808231318
1.8124485579969287,1.543080106811237,-0.31115819666956596
0.7077519354554754,0.22484973368587402,-0.015226013884891114
-0.5624667758942676,0.29924309074837024,-3.352846441207963
0.632407739055521,0.17997194341740164,-0.2888735095192658
0.9725544496267299,0.4007986104717142,-1.127092902446161
0.6218099622171964,1.4136717478165162,-1.2263202244500762
-1.5702247198904564,0.7326905335240429,-0.9416275581918198
-0.7271371758248686,0.22926383478708842,-0.37528619848408923
-0.24751863555150475,2.1023424012654877,-0.31621359103256597
-0.07443342910004629,2.1167850510798343,-0.9104783632203589
0.620672097550678,2.0446801801024366,-2.0106294174939903
0.17770100093325383,0.2728541664069208,-2.932451960942563
-1.3353443587101013,0.600092896432293,-0.11194414515742714
0.3801978510059632,4.199015724929951,-0.168215846863097
0.6105857452838231,1.4784643721827786,-2.895638259698919
0.5597904479310398,0.027543278636881524,-1.3338356138087226
1.0807807255546218,0.06742758781911051,-2.145528566344447
0.8339221545489041,0.6234930977710629,-0.22643977054999206
0.4591800792284367,2.399318549653681,-0.885727267264709
-0.07016571145864703,0.7737105860039205,-1.2077786855710813
-1.6609609335159914,0.6887817390488921,-1.1397839863491777
0.42961821913258585,0.11146097451660443,-0.5245049115039434
0.20768768716311115,1.0693839431309624,-0.015514623464414973
0.27157883719537346,1.7265514506301995,-0.8744917510906712
-1.2767485758203094,0.47871346196718423,-0.2918260323785145
-1.0810565404082624,1.4943779183383716,-0.5982993733477003
1.0531528533329035,3.337565162052098,-3.1601592595005434
-0.03955515385665504,0.2278627431134131,-0.5092191109697122
0.6815006973726244,0.7409300777021357,-1.8313422735144418
0.028318376130461172,0.3384673668890539,-0.20892093117129654
0.02975613949574519,1.574333443217474,-1.1161466144629726
0.9382838059759977,0.8617868409396449,-3.7725634756856645
-0.5160447282173739,1.006714517833276,-0.10746617642062763
0.09612077694098337,1.5990627194510663,-0.008354746125244858
-0.4622752887050425,0.5041321959217804,-0.5684243568250689
-0.4344962274323156,2.4661642126129655,-0.09719999573860999
-0.30917212346863937,0.7614878374553812,-1.379852552895761
0.22213377163371284,0.17192161158931837,-2.459808232896316
-0.4787486216634773,1.190395784496388,-0.5691982557212377
1.2557561255735208,1.5762998459239548,-0.29936558249531925
-0.8946073022195039,0.3809115447957103,-0.5698740325333455
-0.18687164416135904,1.9461649805133623,-1.2853557519560594
-0.4397310582741749,2.3659856460311666,-0.00909539960722861
1.4469778843537329,0.3242139595704644,-0.890267272289478
0.19655477651157463,4.105697122281739,-0.9500845778521457
1.0318445394686349,0.15165059038050552,-1.0152502413531679
-1.485560373036972,0.2256663163146758,-0.2771010230264016
0.26705026586925884,0.20361650026757172,-1.2519478326323366
0.889630795623437,2.2442191141841326,-0.095840955605836
0.08228398927542419,1.0621623885347034,-0.2222318875893984
1.0654803750653512,0.16499762625030379,-2.099399761780521
-0.5172884501003722,0.5803961948898719,-1.3421747086453293
1.40934744018558,0.9552863355479618,-0.013840898858926483
2.2988981236192503,0.08715402533365735,-0.2855194264836808
-0.36283856043965906,2.140605440342273,-0.24131577425847264
-0.4455025214007718,1.627619884453608,-0.3158159142692778
1.453384477117701,0.7036153280818361,-0.28443371445712246
1.5795721457307124,3.415091923050088,-0.0645665703233147
-0.5228600271532683,0.5408742270293948,-0.6142260553421355
-0.42018681709585726,4.142085376451174,-1.3195088966992705
-0.2817846088605072,1.102379371634689,-0.9332632656949174
-1.344450511034277,1.006957709493521,-1.117402734303147
-0.9186519464841982,0.18146779570663477,-0.08463149682819496
-1.0041407667520679,2.1364586240880556,-3.025999956634014
-0.7677975651041284,0.5577245313502253,-1.8231995731582893
-0.03468488738678118,0.1770157444826844,-1.6352189994881976
0.23421473253652075,0.012687669122935624,-1.7315140536547309
1.5505004928140769,0.8204254417138757,-2.698751193196384
-0.998354040738791,0.7495051146585031,-0.7858195678500353
0.9843223984765838,1.270659844747094,-0.22349613579934705
-0.21398884422550896,2.209623605735428,-0.9591554567975783
-0.04946370965243295,0.08273680018054949,-1.3582181862348355
0.6748194921666038,1.3148912937605925,-1.3390955323734006
-1.1227220215622986,0.20753099415526916,-0.7369925411967152
0.3824097461840506,1.9531758525685583,-0.07091477358703707
0.1664522082130561,1.7096092146110045,-0.46380359075629446
0.4924512640081491,0.7782558342991005,-2.5353574587032663
0.2891686439078181,1.2387119433120626,-0.8781497113730817
2.4553001399108942,0.37738815061139647,-0.7729091380348863
-0.637739984251316,0.6370842867894616,-0.31314144858586385
-0.5309969550018176,1.7239339059589627,-0.4595764535531472
-0.6231405264247644,0.6148263184240825,-2.2570964600590058
-0.5554771191602547,0.44285279618655626,-1.0980016177460652
-0.6373871273065177,0.6816385540848643,-1.5482817930749604
1.1890165311075518,1.761710995267424,-0.6057691464212985
1.4205042479898549,0.40828114046433367,-0.9949206573550218
-0.5707462937494763,0.1908719189412956,-0.2855292031963382
-0.8323555731042287,1.2448434817352836,-1.2223432806039842
0.4714155563864041,1.748574773284898,-0.5579195613223623
-0.5522230442809712,0.10606907609808841,-0.5843744199039752
0.6329318177555108,0.2742712183081353,-1.0478877810532037
0.2029230208512997,0.15311853406083514,-2.7532665471097384
-1.515744114997232,0.42762086155605616,-0.06614658309229908
1.5475052013300616,0.5984753479202122,-1.7415031652071518
1.7958776730955217,1.3816106944838227,-0.3458524481461356
-0.6127886904843862,1.0531063255355015,-0.5868421292278964
-0.38770155993598415,0.970030615348931,-0.022156991989469393
0.28586539072490497,0.434443371406971,-0.3581704585696388
0.334456789987025,1.8416698450343083,-0.6984235614676293
0.6585442726728304,0.6373098440439261,-0.05781565284795499
2.0102045387663496,3.868242416594891,-0.6754953535639746
-0.1769472274940494,1.0055103770097726,-2.6188124511245783
-0.7982972445384537,0.13497785718102526,-0.11137100709082458
-1.3793192280145272,1.1275599445107554,-1.4457927117388012
-0.7309300399419191,0.39319669691961023,-0.5270753607973251
-0.033126972873797095,1.1594048640248864,-1.064714509120123
1.7945578635177877,0.07218490506954432,-0.3014248709145652
-0.5176112990361714,0.1922281904591215,-0.17374912039518328
0.2237879516388985,1.9361190510181303,-0.17490427012821894
-0.016422896072752075,0.2577085433067849,-0.07309980660067168
1.188393273448084,1.8142574121128319,-0.2053609836776891
2.5269324258736217,0.3274991393787473,-1.091297263786332
-0.5308687729203206,1.0296887677502349,-2.134452152258195
-0.48943944251822213,1.1846623684296387,-1.6826845626614075
1.044160877069072,0.7187824812885495,-1.155609111636457
0.6818914896263114,0.3642905501889821,-0.11701917381063148
1.8467073257360336,0.2390752601646858,-0.3413465214844297
0.5839281853259639,0.03375261921056072,-0.3707838297159636
-0.35929209078705954,0.3623286119012093,-0.2876246692962019
0.5906548306923093,1.05889974609222,-0.7236180576173268
1.1087035805829077,2.785549445909374,-0.766909582939844
0.820482181197364,2.0495292660963993,-0.44143323791725775
0.5072740311072977,1.452711024747378,-0.4366294487848321
1.066674689589154,1.5532813434137014,-1.7634962509770875
1.1692955904456728,1.0935796839216732,-1.5572860162690783
1.3821589910375272,0.3014928132972702,-0.3678743259567037
0.6487098875896427,2.3772550921950906,-2.450951048502833
-0.16711808031685435,1.1108842174200688,-3.053679593846005
0.14671368643332283,0.8219824878863804,-0.39562746978779023
1.2065089665083568,0.11764619788426466,-0.43761380712418646
-0.8169356709872361,0.5924977233839371,-0.7044794557708601
0.3686733088729012,0.6168498248029955,-2.832267604481353
-0.3933388123273607,1.9992531918569643,-2.090053110892787
0.028744822934817487,0.7910868989857643,-0.10821788581405427
1.2784518626072987,0.4786820564475785,-0.49878300023404765
0.19109906801990334,3.763617160352339,-0.8060274314681737
0.04643654815614881,0.1173437996267585,-0.6994318327840682
-1.3598561409799192,0.549130698651335,-0.21550166000817744
0.7462535660272207,0.04293325830688141,-1.9576967369558531
0.6454841811410754,1.3467049496631458,-1.1299196381880567
2.16325472330546,2.5019700311638777,-1.8195935162994408
-0.30777823495300083,0.32855591491401936,-1.9573250068054282
0.21915032766393897,1.9543372955128295,-1.3797393071697512
0.24938368371075526,0.34561946791829934,-0.5784098472380772
1.5774532797634744,2.416539784613971,-0.9430114594270498
-0.0952955323869521,1.4022688916121695,-0.1747884890733034
0.27902152577033923,1.6342777671764386,-1.1197708122495569
0.6078965097165392,0.018170646414164462,-0.19754068939390215
0.1866091231563581,3.291724972436397,-1.1840054537024762
-0.44643361455052827,1.297079052164683,-0.2608430311100646
0.19408999289830758,0.363485361397723,-0.12505462234616282
1.073631749859772,1.7684023716049078,-0.1806643189430485
-1.0265152994110602,0.3306190776073191,-0.001994122159710626
0.132969674146876,2.0616317974144165,-1.268474411846264
-0.7001208149391732,0.11943734248109422,-1.3182658709838013
1.1950466289248425,1.2163355000441867,-0.7234689746270512
-1.5231869047837747,0.7780483709672553,-0.17597708684075491
-0.5589218472715883,0.10151732152650952,-0.0872525015240209
0.37721187506452086,0.27693183488830136,-0.019314292317149664
1.5655240292343404,0.01248160847502802,-0.1812199761150679
-0.0657502610729878,0.632556376660282,-2.2150829071496347
-0.5551995266931984,0.35848409483719446,-0.27646105316183545
1.8811570694405901,0.912192850415572,-0.4373758746010938
-1.448013900416244,0.3527367199452367,-0.11131765141096672
-2.198805956620082,0.3565593956246741,-0.25149326466168304
0.4400144500533324,1.3594312228270262,-0.7323550010191644
-0.5020542243526112,0.04934029323995536,-0.9358627276617398
-1.0212328171307132,2.3319623621911787,-0.28150427992378696
0.7083564472993533,1.9123275316140762,-0.059465712787681535
0.24380071377119883,1.102032179513412,-0.4959909850233758
-0.5640786307367284,0.8994866400763402,-0.26683864178505584
-1.2803043986708944,2.228428890443056,-0.24788962947202298
0.8724573282801447,0.20497237608398877,-3.215451761506007
0.650201177958661,0.08226176032410241,-0.9578955481509968
-0.09917586377938291,0.2737925400343189,-0.8139111519309452
1.8466369960476658,1.582690235862734,-0.5374692735779751
-1.0700847663261526,0.035285543495326505,-0.560268584463472
-1.5255251709247388,0.8742059392195671,-0.7784981270198164
-0.6919080698812444,5.389888108860084,-1.192142416923805
-0.045586016355497805,1.935833743835769,-1.211152168335046
0.24333944932269183,0.7369855720088178,-0.1883725162262277
-0.24123605785632987,0.06575623215253151,-0.6933727101430839
0.3520553965142968,1.7800691543267393,-0.5309570666740723
-1.251539424190444,0.9137402575437055,-2.0442826532666185
1.4437646040732595,0.12209192730281729,-0.99809456772371
-0.0821511783925688,0.0985584630744615,-0.760364628507229
1.1172958315881276,2.403807730784339,-0.12261365679360686
0.34272534637770413,1.1062421106880511,-0.9304857291327358
0.4567532191537839,1.7677703195224048,-0.12466102880534774
0.5697672802322039,2.1117903707549415,-0.4112919143687304
0.44770856001731496,0.8481003370649202,-0.15413297226742526
0.6427227598675439,0.7286631763115787,-1.1778946383162885
1.3291525301324314,0.5628690420945743,-0.23098939187944642
0.19652116970147013,0.38118222011338315,-0.4973491296616848
0.7090037575885123,0.5702146898831338,-2.26024212088713
-0.08973569428722672,1.486687924666726,-0.22855363873015355
1.4401172154494728,0.9211109078171102,-0.708880429494969
-0.6763923020592697,2.230481105629336,-0.5434722066342405
1.8009404329108156,0.585872523921944,-0.01829029331656515
-0.04015795064434341,0.9341736287652889,-1.5738686344559243
-1.4307751021180481,0.9977924596909264,-0.071545311529372
0.12810441491078928,0.8957461306595129,-0.6429390145675242
-0.6810516574748808,1.2127908125529778,-0.8225233209326528
0.8406435489887241,0.27106551971661275,-0.9900084710640918
-0.6526239793023909,0.7181855969024139,-1.1667785960571895
-0.4461834332147797,0.11006579347833083,-0.2920547969219945
-1.889540730945531,0.48533873749905965,-0.010028898364548042
-0.4523063192490767,0.6687806086687532,-1.2853407259893985
-2.4238793266289567,1.0561974309192883,-0.7671309128726943
-1.5839028234857233,3.006410131231943,-1.8086068113128853
0.7604146561442974,0.9179197243331002,-1.722541455331446
0.7858001586508322,1.360992826356592,-1.8535891364679211
0.42545756178496474,0.7057584888556773,-0.6637722009982694
-0.966976143129213,1.0054062247174016,-0.4059077998369884
-0.047711356141979855,0.07357357849613004,-1.5680954258319293
-0.0036025390905684044,0.2935547238851391,-0.6001927060322706
-1.1583646891925428,0.4491867607094905,-0.20265757471542903
1.5033983017671506,0.6395938165672087,-1.9308423771734564
0.8773622905756714,0.046723484002341206,-2.141826664834698
-0.22096417382966393,0.1508509105379972,-0.6279396760045075
0.02688583899453078,0.32408925410334116,-0.07871828968795785
0.20838280794755248,3.558998899231591,-0.49073887003514954
-2.0417348684242906,0.402490048644112,-1.6272845172494383
-0.24717738252059693,0.657859302628751,-2.320484623499767
-0.6819842479977986,0.21827755044564298,-0.2274939286200851
-1.0016200098949155,0.943610725139916,-0.06932179560363473
-0.2811002928859549,0.3294534279114121,-2.098424202804143
1.7976865268495226,0.23192269854925018,-0.49332128744462594
0.6408428612670098,0.7268541893244206,-0.7803643189371355
-0.5711789897827968,0.0055210119373097725,-3.4440781205292113
0.5725827813561586,0.007693552270400301,-0.06888365735912734
